timestamp,phase,process_cpu_percent,system_cpu_percent,process_ram_mb,system_ram_percent,available_ram_mb,gpu_utilization_percent,gpu_memory_used_mb,gpu_memory_total_mb
2026-05-16T09:56:35.274847+00:00,preprocessing,0.0,0.0,185.2109375,41.3,2240.86328125,,,
2026-05-16T09:56:35.286907+00:00,preprocessing,165.7,100.0,185.71875,41.3,2240.86328125,,,
2026-05-16T09:56:35.288369+00:00,classical_svm_grid_search,0.0,0.0,185.71875,41.3,2240.86328125,,,
2026-05-16T09:56:36.091582+00:00,classical_svm_grid_search,99.6,64.6,186.4453125,41.3,2240.86328125,,,
2026-05-16T09:56:36.097743+00:00,classical_svm_final_training,0.0,0.0,186.75,41.3,2240.86328125,,,
2026-05-16T09:56:36.098484+00:00,classical_svm_final_training,0.0,0.0,186.75390625,41.3,2240.86328125,,,
2026-05-16T09:56:36.099667+00:00,final_evaluation,0.0,0.0,186.75390625,41.3,2240.86328125,,,
2026-05-16T09:56:36.099986+00:00,final_evaluation,0.0,0.0,186.75390625,41.3,2240.86328125,,,
2026-05-16T09:56:36.276958+00:00,qsvm_optuna_search,0.0,0.0,220.828125,41.9,2217.9765625,,,
2026-05-16T09:56:37.297989+00:00,qsvm_optuna_search,101.0,0.0,231.13671875,41.9,2217.73046875,,,
2026-05-16T09:56:38.308898+00:00,qsvm_optuna_search,98.9,50.5,232.26171875,42.1,2209.85546875,,,
2026-05-16T09:56:39.319262+00:00,qsvm_optuna_search,269.2,50.5,234.91796875,42.1,2209.85546875,,,
2026-05-16T09:56:40.336671+00:00,qsvm_optuna_search,100.2,52.7,237.6328125,42.0,2214.84765625,,,
2026-05-16T09:56:41.349121+00:00,qsvm_optuna_search,100.8,50.7,239.30078125,42.1,2212.88671875,,,
2026-05-16T09:56:42.358097+00:00,qsvm_optuna_search,220.6,51.5,241.5703125,42.1,2210.9140625,,,
2026-05-16T09:56:43.382334+00:00,qsvm_optuna_search,100.6,50.5,244.3203125,42.2,2208.20703125,,,
2026-05-16T09:56:44.419108+00:00,qsvm_optuna_search,99.8,50.5,246.94140625,42.2,2206.23828125,,,
2026-05-16T09:56:45.465835+00:00,qsvm_optuna_search,150.3,56.4,246.484375,42.3,2204.515625,,,
2026-05-16T09:56:46.583472+00:00,qsvm_optuna_search,100.2,50.5,248.0,42.3,2202.79296875,,,
2026-05-16T09:56:47.588927+00:00,qsvm_optuna_search,101.0,51.0,248.703125,42.3,2202.546875,,,
2026-05-16T09:56:48.603263+00:00,qsvm_optuna_search,99.6,51.2,249.05078125,42.4,2201.80859375,,,
2026-05-16T09:56:49.609314+00:00,qsvm_optuna_search,100.1,51.3,249.29296875,42.4,2201.58984375,,,
2026-05-16T09:56:50.632097+00:00,qsvm_optuna_search,99.6,52.4,249.39453125,42.3,2203.44140625,,,
2026-05-16T09:56:51.663331+00:00,qsvm_optuna_search,99.9,63.3,249.40234375,42.3,2203.44140625,,,
2026-05-16T09:56:52.692502+00:00,qsvm_optuna_search,100.1,50.5,249.40234375,42.3,2203.44140625,,,
2026-05-16T09:56:53.705515+00:00,qsvm_optuna_search,100.6,51.0,249.40234375,42.3,2203.44140625,,,
2026-05-16T09:56:54.709468+00:00,qsvm_optuna_search,100.3,50.7,249.40234375,42.3,2203.44140625,,,
2026-05-16T09:56:55.710738+00:00,qsvm_optuna_search,99.8,50.5,249.40234375,42.3,2203.44140625,,,
2026-05-16T09:56:56.713967+00:00,qsvm_optuna_search,102.4,51.0,249.40234375,42.4,2201.96484375,,,
2026-05-16T09:56:57.719905+00:00,qsvm_optuna_search,100.4,50.8,249.859375,42.4,2201.96484375,,,
2026-05-16T09:56:58.732161+00:00,qsvm_optuna_search,101.8,50.7,250.03515625,42.4,2201.96484375,,,
2026-05-16T09:56:59.785211+00:00,qsvm_optuna_search,99.6,50.7,250.03515625,42.4,2201.96484375,,,
2026-05-16T09:57:00.833510+00:00,qsvm_optuna_search,116.0,59.0,250.2421875,42.3,2203.9375,,,
2026-05-16T09:57:01.836279+00:00,qsvm_optuna_search,101.1,50.5,250.2421875,42.3,2203.9375,,,
2026-05-16T09:57:02.837928+00:00,qsvm_optuna_search,99.9,50.7,250.2421875,42.3,2203.9375,,,
2026-05-16T09:57:03.851512+00:00,qsvm_optuna_search,98.7,51.5,250.2421875,42.3,2202.21484375,,,
2026-05-16T09:57:04.867456+00:00,qsvm_optuna_search,100.3,50.7,250.58203125,42.4,2201.4765625,,,
2026-05-16T09:57:05.874836+00:00,qsvm_optuna_search,98.4,51.2,250.69921875,42.4,2201.4765625,,,
2026-05-16T09:57:06.917645+00:00,qsvm_optuna_search,100.5,55.6,250.6953125,42.4,2199.01953125,,,
2026-05-16T09:57:08.266867+00:00,qsvm_optuna_search,82.1,51.5,250.703125,42.4,2199.01953125,,,
2026-05-16T09:57:09.270475+00:00,qsvm_optuna_search,0.0,50.5,250.703125,42.4,2199.01953125,,,
2026-05-16T09:57:10.276928+00:00,qsvm_optuna_search,100.4,52.5,250.703125,42.4,2199.22265625,,,
2026-05-16T09:57:11.289567+00:00,qsvm_optuna_search,99.4,50.5,250.703125,42.4,2199.22265625,,,
2026-05-16T09:57:12.310604+00:00,qsvm_optuna_search,100.7,50.7,250.703125,42.4,2199.22265625,,,
2026-05-16T09:57:13.348494+00:00,qsvm_optuna_search,101.8,50.7,250.703125,42.4,2199.22265625,,,
2026-05-16T09:57:14.361790+00:00,qsvm_optuna_search,100.7,51.0,250.703125,42.4,2199.22265625,,,
2026-05-16T09:57:15.389179+00:00,qsvm_optuna_search,98.3,50.8,250.98046875,42.4,2199.22265625,,,
2026-05-16T09:57:16.420253+00:00,qsvm_optuna_search,99.9,50.7,250.9765625,42.5,2197.5,,,
2026-05-16T09:57:17.447498+00:00,qsvm_optuna_search,126.3,50.5,250.9765625,42.5,2197.5,,,
2026-05-16T09:57:18.520220+00:00,qsvm_optuna_search,121.1,57.3,251.12109375,42.3,2204.91015625,,,
2026-05-16T09:57:19.550022+00:00,qsvm_optuna_search,102.5,51.8,251.12109375,42.3,2203.9296875,,,
2026-05-16T09:57:20.556821+00:00,qsvm_optuna_search,97.6,52.5,251.12109375,42.2,2208.34765625,,,
2026-05-16T09:57:21.563194+00:00,qsvm_optuna_search,99.6,50.7,251.12109375,42.2,2208.34765625,,,
2026-05-16T09:57:22.581263+00:00,qsvm_optuna_search,99.9,51.2,251.12109375,42.2,2208.34765625,,,
2026-05-16T09:57:23.590538+00:00,qsvm_optuna_search,99.5,51.0,251.12109375,42.2,2208.34765625,,,
2026-05-16T09:57:24.602922+00:00,qsvm_optuna_search,99.7,51.0,251.1171875,42.2,2208.34765625,,,
2026-05-16T09:57:25.689700+00:00,qsvm_optuna_search,101.0,55.1,251.11328125,42.2,2208.34765625,,,
2026-05-16T09:57:26.696415+00:00,qsvm_optuna_search,114.6,57.7,251.12109375,42.2,2208.34765625,,,
2026-05-16T09:57:27.706014+00:00,qsvm_optuna_search,100.4,51.0,251.12109375,42.3,2204.65625,,,
2026-05-16T09:57:28.710861+00:00,qsvm_optuna_search,107.8,50.5,251.12109375,42.3,2204.65625,,,
2026-05-16T09:57:29.716407+00:00,qsvm_optuna_search,104.3,50.8,251.125,42.3,2204.65625,,,
2026-05-16T09:57:30.723675+00:00,qsvm_optuna_search,106.8,52.4,251.12109375,42.2,2207.73046875,,,
2026-05-16T09:57:31.781751+00:00,qsvm_optuna_search,202.6,56.7,251.1171875,42.2,2207.73046875,,,
2026-05-16T09:57:32.825474+00:00,qsvm_optuna_search,99.6,50.5,251.125,42.2,2207.73046875,,,
2026-05-16T09:57:33.841641+00:00,qsvm_optuna_search,99.0,51.5,251.125,42.4,2200.1015625,,,
2026-05-16T09:57:34.865921+00:00,qsvm_optuna_search,100.3,51.2,251.12890625,42.4,2200.1015625,,,
2026-05-16T09:57:36.016644+00:00,qsvm_optuna_search,106.9,59.2,251.125,42.4,2199.8828125,,,
2026-05-16T09:57:37.431378+00:00,qsvm_optuna_search,99.8,50.7,251.1328125,42.4,2199.8828125,,,
2026-05-16T09:57:38.436245+00:00,qsvm_optuna_search,101.4,50.7,251.1328125,42.4,2199.8828125,,,
2026-05-16T09:57:39.441722+00:00,qsvm_optuna_search,100.9,51.0,251.1328125,42.4,2199.8828125,,,
2026-05-16T09:57:40.461383+00:00,qsvm_optuna_search,100.2,52.5,251.1328125,42.2,2207.17578125,,,
2026-05-16T09:57:41.467820+00:00,qsvm_optuna_search,101.0,50.2,251.12890625,42.2,2207.17578125,,,
2026-05-16T09:57:42.514660+00:00,qsvm_optuna_search,98.6,50.7,251.12890625,42.2,2207.17578125,,,
2026-05-16T09:57:43.640386+00:00,qsvm_optuna_search,132.6,56.3,251.16796875,42.2,2207.17578125,,,
2026-05-16T09:57:44.672577+00:00,qsvm_optuna_search,101.9,51.0,251.171875,42.2,2207.17578125,,,
2026-05-16T09:57:45.685906+00:00,qsvm_optuna_search,101.5,50.8,251.171875,42.2,2207.17578125,,,
2026-05-16T09:57:46.706572+00:00,qsvm_optuna_search,103.8,50.7,251.171875,42.2,2207.17578125,,,
2026-05-16T09:57:47.733173+00:00,qsvm_optuna_search,100.1,51.5,251.16796875,42.2,2206.9296875,,,
2026-05-16T09:57:48.831893+00:00,qsvm_optuna_search,101.2,56.0,251.1640625,42.3,2203.23828125,,,
2026-05-16T09:57:49.892674+00:00,qsvm_optuna_search,101.1,50.9,251.171875,42.3,2203.23828125,,,
2026-05-16T09:57:50.905639+00:00,qsvm_optuna_search,100.4,52.5,251.171875,42.2,2207.54296875,,,
2026-05-16T09:57:51.908198+00:00,qsvm_optuna_search,99.0,51.0,251.171875,42.2,2207.54296875,,,
2026-05-16T09:57:52.909435+00:00,qsvm_optuna_search,101.5,50.5,251.171875,42.2,2207.54296875,,,
2026-05-16T09:57:53.944576+00:00,qsvm_optuna_search,100.2,51.5,251.171875,42.2,2207.54296875,,,
2026-05-16T09:57:54.954740+00:00,qsvm_optuna_search,99.6,50.2,251.171875,42.2,2207.54296875,,,
2026-05-16T09:57:56.202848+00:00,qsvm_optuna_search,133.8,56.1,251.16796875,42.2,2207.54296875,,,
2026-05-16T09:57:57.224605+00:00,qsvm_optuna_search,100.6,50.7,251.17578125,42.2,2207.54296875,,,
2026-05-16T09:57:58.229171+00:00,qsvm_optuna_search,99.6,50.5,251.17578125,42.2,2207.54296875,,,
2026-05-16T09:57:59.237479+00:00,qsvm_optuna_search,98.5,50.7,251.17578125,42.2,2207.54296875,,,
2026-05-16T09:58:00.258935+00:00,qsvm_optuna_search,101.4,51.0,251.171875,42.2,2207.30078125,,,
2026-05-16T09:58:01.301773+00:00,qsvm_optuna_search,99.5,58.0,251.17578125,42.1,2211.64453125,,,
2026-05-16T09:58:02.335977+00:00,qsvm_optuna_search,99.2,50.7,251.17578125,42.1,2211.64453125,,,
2026-05-16T09:58:03.348688+00:00,qsvm_optuna_search,100.5,51.0,251.17578125,42.1,2211.15234375,,,
2026-05-16T09:58:04.350467+00:00,qsvm_optuna_search,99.9,51.0,251.17578125,42.2,2207.21875,,,
2026-05-16T09:58:05.367890+00:00,qsvm_optuna_search,102.6,51.0,251.17578125,42.2,2207.21875,,,
2026-05-16T09:58:06.378697+00:00,qsvm_optuna_search,101.5,50.5,251.171875,42.2,2207.21875,,,
2026-05-16T09:58:07.457692+00:00,qsvm_optuna_search,157.9,57.2,251.16796875,42.2,2207.21875,,,
2026-05-16T09:58:08.505454+00:00,qsvm_optuna_search,99.6,50.5,251.17578125,42.2,2207.21875,,,
2026-05-16T09:58:09.510163+00:00,qsvm_optuna_search,99.1,50.8,251.17578125,42.2,2207.21875,,,
2026-05-16T09:58:10.552922+00:00,qsvm_optuna_search,99.1,52.6,251.171875,42.1,2209.8203125,,,
2026-05-16T09:58:11.677680+00:00,qsvm_optuna_search,104.2,55.4,251.16796875,42.1,2209.9453125,,,
2026-05-16T09:58:12.678188+00:00,qsvm_optuna_search,95.8,51.3,251.17578125,42.2,2209.453125,,,
2026-05-16T09:58:13.686349+00:00,qsvm_optuna_search,93.6,50.7,251.17578125,42.2,2209.453125,,,
2026-05-16T09:58:14.691135+00:00,qsvm_optuna_search,73.4,51.0,251.17578125,42.2,2209.453125,,,
2026-05-16T09:58:15.707355+00:00,qsvm_optuna_search,91.8,50.7,251.17578125,42.2,2209.453125,,,
2026-05-16T09:58:16.710598+00:00,qsvm_optuna_search,111.2,50.8,251.17578125,42.2,2207.734375,,,
2026-05-16T09:58:17.717573+00:00,qsvm_optuna_search,105.8,50.8,251.17578125,42.2,2207.734375,,,
2026-05-16T09:58:18.719782+00:00,qsvm_optuna_search,95.1,50.5,251.17578125,42.2,2207.734375,,,
2026-05-16T09:58:19.732834+00:00,qsvm_optuna_search,103.6,51.7,251.171875,42.2,2206.99609375,,,
2026-05-16T09:58:20.801179+00:00,qsvm_optuna_search,114.8,52.1,251.17578125,42.3,2205.11328125,,,
2026-05-16T09:58:21.853124+00:00,qsvm_optuna_search,125.7,56.9,251.26953125,42.3,2205.11328125,,,
2026-05-16T09:58:22.877063+00:00,qsvm_optuna_search,100.1,50.7,251.26953125,42.3,2205.11328125,,,
2026-05-16T09:58:23.894873+00:00,qsvm_optuna_search,100.2,51.2,251.26953125,42.3,2205.11328125,,,
2026-05-16T09:58:24.907541+00:00,qsvm_optuna_search,102.0,50.5,251.26953125,42.3,2205.11328125,,,
2026-05-16T09:58:25.908796+00:00,qsvm_optuna_search,98.9,50.3,251.26953125,42.3,2205.11328125,,,
2026-05-16T09:58:26.957527+00:00,qsvm_optuna_search,102.1,51.0,251.265625,42.3,2205.11328125,,,
2026-05-16T09:58:28.185645+00:00,qsvm_optuna_search,102.4,55.2,251.26171875,42.5,2197.484375,,,
2026-05-16T09:58:29.965659+00:00,qsvm_optuna_search,102.9,51.7,251.26953125,42.5,2197.484375,,,
2026-05-16T09:58:30.971776+00:00,qsvm_optuna_search,100.3,52.0,251.26953125,42.3,2204.1953125,,,
2026-05-16T09:58:31.990546+00:00,qsvm_optuna_search,99.8,50.7,251.26953125,42.3,2204.1953125,,,
2026-05-16T09:58:32.995696+00:00,qsvm_optuna_search,100.3,50.5,251.26953125,42.3,2204.1953125,,,
2026-05-16T09:58:33.999053+00:00,qsvm_optuna_search,100.2,51.5,251.26953125,42.5,2196.56640625,,,
2026-05-16T09:58:35.008451+00:00,qsvm_optuna_search,100.2,50.5,251.26953125,42.5,2196.56640625,,,
2026-05-16T09:58:36.016208+00:00,qsvm_optuna_search,101.9,51.7,251.26953125,42.5,2196.56640625,,,
2026-05-16T09:58:37.047966+00:00,qsvm_optuna_search,100.4,50.5,251.26953125,42.5,2196.56640625,,,
2026-05-16T09:58:38.060049+00:00,qsvm_optuna_search,99.7,51.0,251.26953125,42.5,2196.56640625,,,
2026-05-16T09:58:39.072466+00:00,qsvm_optuna_search,100.8,50.5,251.49609375,42.5,2196.56640625,,,
2026-05-16T09:58:40.131672+00:00,qsvm_optuna_search,170.9,51.2,251.76171875,42.5,2196.56640625,,,
2026-05-16T09:58:41.141261+00:00,qsvm_optuna_search,100.9,58.2,251.76953125,42.3,2203.93359375,,,
2026-05-16T09:58:42.149007+00:00,qsvm_optuna_search,100.2,51.2,251.76953125,42.3,2203.93359375,,,
2026-05-16T09:58:43.187101+00:00,qsvm_optuna_search,81.5,50.7,251.76953125,42.3,2203.93359375,,,
2026-05-16T09:58:44.195423+00:00,qsvm_optuna_search,100.2,50.7,251.76953125,42.3,2203.93359375,,,
2026-05-16T09:58:45.203318+00:00,qsvm_optuna_search,99.5,50.5,251.76953125,42.3,2203.93359375,,,
2026-05-16T09:58:46.229402+00:00,qsvm_optuna_search,99.6,50.7,251.76953125,42.3,2203.93359375,,,
2026-05-16T09:58:47.233636+00:00,qsvm_optuna_search,99.6,50.8,252.1328125,42.3,2203.44140625,,,
2026-05-16T09:58:48.263764+00:00,qsvm_optuna_search,102.9,51.2,252.1484375,42.3,2203.44140625,,,
2026-05-16T09:58:49.388645+00:00,qsvm_optuna_search,99.8,53.5,252.14453125,42.3,2203.44140625,,,
2026-05-16T09:58:50.564962+00:00,qsvm_optuna_search,125.8,51.7,252.15234375,42.6,2193.61328125,,,
2026-05-16T09:58:51.617888+00:00,qsvm_optuna_search,105.8,52.2,252.15234375,42.3,2204.9921875,,,
2026-05-16T09:58:52.623267+00:00,qsvm_optuna_search,110.5,50.5,252.15234375,42.3,2204.9921875,,,
2026-05-16T09:58:53.627814+00:00,qsvm_optuna_search,105.9,51.5,252.15234375,42.3,2204.9921875,,,
2026-05-16T09:58:54.629375+00:00,qsvm_optuna_search,104.0,50.5,252.15234375,42.3,2204.9921875,,,
2026-05-16T09:58:55.639806+00:00,qsvm_optuna_search,132.0,50.5,252.15234375,42.3,2204.9921875,,,
2026-05-16T09:58:56.643219+00:00,qsvm_optuna_search,104.5,51.2,252.15234375,42.3,2203.515625,,,
2026-05-16T09:58:57.656672+00:00,qsvm_optuna_search,93.3,50.7,252.15234375,42.3,2203.515625,,,
2026-05-16T09:58:58.671332+00:00,qsvm_optuna_search,92.7,50.5,252.15234375,42.3,2203.515625,,,
2026-05-16T09:58:59.690725+00:00,qsvm_optuna_search,126.3,51.0,252.1484375,42.3,2203.515625,,,
2026-05-16T09:59:00.765692+00:00,qsvm_optuna_search,154.0,56.5,252.16015625,42.3,2203.484375,,,
2026-05-16T09:59:01.766233+00:00,qsvm_optuna_search,99.0,51.0,252.16796875,42.3,2203.23828125,,,
2026-05-16T09:59:02.775300+00:00,qsvm_optuna_search,98.4,50.8,252.171875,42.3,2203.23828125,,,
2026-05-16T09:59:03.783432+00:00,qsvm_optuna_search,97.4,51.0,252.171875,42.3,2203.23828125,,,
2026-05-16T09:59:04.790680+00:00,qsvm_optuna_search,100.0,50.5,252.171875,42.3,2203.23828125,,,
2026-05-16T09:59:05.793534+00:00,qsvm_optuna_search,106.0,51.2,252.171875,42.3,2203.23828125,,,
2026-05-16T09:59:06.815454+00:00,qsvm_optuna_search,102.7,51.0,252.171875,42.3,2203.23828125,,,
2026-05-16T09:59:07.831721+00:00,qsvm_optuna_search,114.8,50.7,252.16796875,42.3,2203.01953125,,,
2026-05-16T09:59:08.918631+00:00,qsvm_optuna_search,97.1,55.7,252.1640625,42.3,2203.01953125,,,
2026-05-16T09:59:10.439967+00:00,qsvm_optuna_search,99.3,51.1,252.171875,42.3,2203.01953125,,,
2026-05-16T09:59:11.449096+00:00,qsvm_optuna_search,98.7,52.3,252.171875,42.2,2206.4609375,,,
2026-05-16T09:59:12.451182+00:00,qsvm_optuna_search,101.3,51.0,252.171875,42.2,2206.484375,,,
2026-05-16T09:59:13.469059+00:00,qsvm_optuna_search,100.4,50.5,252.171875,42.2,2206.484375,,,
2026-05-16T09:59:14.472684+00:00,qsvm_optuna_search,100.9,51.0,252.171875,42.2,2206.484375,,,
2026-05-16T09:59:15.478078+00:00,qsvm_optuna_search,100.3,50.7,252.171875,42.2,2206.484375,,,
2026-05-16T09:59:16.487662+00:00,qsvm_optuna_search,100.8,50.5,252.16796875,42.3,2204.76171875,,,
2026-05-16T09:59:17.534654+00:00,qsvm_optuna_search,99.9,50.7,252.16796875,42.3,2204.76171875,,,
2026-05-16T09:59:18.594635+00:00,qsvm_optuna_search,122.7,57.4,252.171875,42.3,2204.76171875,,,
2026-05-16T09:59:19.609036+00:00,qsvm_optuna_search,100.0,51.2,252.171875,42.3,2204.0234375,,,
2026-05-16T09:59:20.631307+00:00,qsvm_optuna_search,100.1,50.5,252.171875,42.3,2204.0234375,,,
2026-05-16T09:59:21.638581+00:00,qsvm_optuna_search,98.6,52.7,252.171875,42.2,2207.21484375,,,
2026-05-16T09:59:22.643699+00:00,qsvm_optuna_search,101.1,51.0,252.171875,42.2,2207.21484375,,,
2026-05-16T09:59:23.668719+00:00,qsvm_optuna_search,100.8,51.4,252.16796875,42.2,2207.21484375,,,
2026-05-16T09:59:24.760942+00:00,qsvm_optuna_search,101.3,55.6,252.1640625,42.2,2207.21484375,,,
2026-05-16T09:59:25.807530+00:00,qsvm_optuna_search,100.4,50.7,252.171875,42.2,2207.21484375,,,
2026-05-16T09:59:26.828084+00:00,qsvm_optuna_search,101.0,51.0,252.171875,42.2,2207.21484375,,,
2026-05-16T09:59:27.830510+00:00,qsvm_optuna_search,101.0,50.5,252.171875,42.2,2207.21484375,,,
2026-05-16T09:59:28.834273+00:00,qsvm_optuna_search,101.1,50.8,252.171875,42.2,2207.21484375,,,
2026-05-16T09:59:29.838009+00:00,qsvm_optuna_search,102.3,50.7,252.171875,42.2,2207.21484375,,,
2026-05-16T09:59:30.872482+00:00,qsvm_optuna_search,101.1,52.5,252.16796875,42.3,2203.7890625,,,
2026-05-16T09:59:31.936472+00:00,qsvm_optuna_search,123.7,57.1,252.27734375,42.3,2203.54296875,,,
2026-05-16T09:59:32.941563+00:00,qsvm_optuna_search,102.3,50.5,252.27734375,42.3,2203.54296875,,,
2026-05-16T09:59:33.951052+00:00,qsvm_optuna_search,100.4,51.2,252.27734375,42.5,2195.9140625,,,
2026-05-16T09:59:34.953282+00:00,qsvm_optuna_search,98.7,50.7,252.27734375,42.5,2195.9140625,,,
2026-05-16T09:59:35.962107+00:00,qsvm_optuna_search,99.9,51.2,252.2734375,42.5,2195.9140625,,,
2026-05-16T09:59:37.031077+00:00,qsvm_optuna_search,99.6,60.3,252.27734375,42.5,2195.9140625,,,
2026-05-16T09:59:38.037398+00:00,qsvm_optuna_search,98.8,50.5,252.27734375,42.5,2195.9140625,,,
2026-05-16T09:59:39.044998+00:00,qsvm_optuna_search,101.4,50.7,252.27734375,42.5,2195.9140625,,,
2026-05-16T09:59:40.121340+00:00,qsvm_optuna_search,100.4,50.2,252.27734375,42.5,2195.9140625,,,
2026-05-16T09:59:41.123115+00:00,qsvm_optuna_search,99.5,52.3,252.27734375,42.3,2202.68359375,,,
2026-05-16T09:59:42.134034+00:00,qsvm_optuna_search,101.6,50.7,252.2734375,42.3,2202.73046875,,,
2026-05-16T09:59:43.176731+00:00,qsvm_optuna_search,143.7,56.9,252.28125,42.3,2202.73046875,,,
2026-05-16T09:59:44.177971+00:00,qsvm_optuna_search,98.1,51.0,252.28125,42.3,2202.73046875,,,
2026-05-16T09:59:45.186940+00:00,qsvm_optuna_search,98.0,50.2,252.28125,42.3,2202.73046875,,,
2026-05-16T09:59:46.194606+00:00,qsvm_optuna_search,100.9,50.7,252.27734375,42.3,2202.73046875,,,
2026-05-16T09:59:47.362762+00:00,qsvm_optuna_search,95.1,54.8,252.2734375,42.5,2195.1015625,,,
2026-05-16T09:59:48.364229+00:00,qsvm_optuna_search,102.4,51.8,252.28125,42.5,2195.1015625,,,
2026-05-16T09:59:49.366998+00:00,qsvm_optuna_search,87.9,51.3,252.28125,42.5,2195.1015625,,,
2026-05-16T09:59:50.373348+00:00,qsvm_optuna_search,103.4,50.7,252.28125,42.5,2195.1015625,,,
2026-05-16T09:59:51.378142+00:00,qsvm_optuna_search,104.9,52.0,252.28125,42.3,2204.3125,,,
2026-05-16T09:59:52.384572+00:00,qsvm_optuna_search,58.6,51.0,252.28125,42.3,2204.3203125,,,
2026-05-16T09:59:53.390194+00:00,qsvm_optuna_search,71.1,50.5,252.28125,42.3,2204.3203125,,,
2026-05-16T09:59:54.400574+00:00,qsvm_optuna_search,91.4,51.7,252.28125,42.3,2204.3203125,,,
2026-05-16T09:59:55.409627+00:00,qsvm_optuna_search,106.3,51.0,252.28125,42.3,2204.3203125,,,
2026-05-16T09:59:56.430575+00:00,qsvm_optuna_search,97.5,50.7,252.28125,42.3,2203.08984375,,,
2026-05-16T09:59:57.445889+00:00,qsvm_optuna_search,110.8,50.8,252.28125,42.3,2203.08984375,,,
2026-05-16T09:59:58.480645+00:00,qsvm_optuna_search,99.4,51.0,252.27734375,42.3,2203.08984375,,,
2026-05-16T09:59:59.543706+00:00,qsvm_optuna_search,106.0,50.7,252.27734375,42.3,2203.08984375,,,
2026-05-16T10:00:00.571878+00:00,qsvm_optuna_search,115.7,57.1,252.5234375,42.3,2203.08984375,,,
2026-05-16T10:00:01.579274+00:00,qsvm_optuna_search,100.2,52.5,252.5234375,42.2,2208.69140625,,,
2026-05-16T10:00:02.586851+00:00,qsvm_optuna_search,100.0,50.5,252.5234375,42.2,2208.69140625,,,
2026-05-16T10:00:03.595775+00:00,qsvm_optuna_search,100.4,50.5,252.5234375,42.2,2208.69140625,,,
2026-05-16T10:00:04.601473+00:00,qsvm_optuna_search,101.1,51.2,252.5234375,42.4,2201.0625,,,
2026-05-16T10:00:05.609712+00:00,qsvm_optuna_search,101.0,51.3,252.5234375,42.4,2201.0625,,,
2026-05-16T10:00:06.614277+00:00,qsvm_optuna_search,100.2,50.5,252.5234375,42.4,2201.0625,,,
2026-05-16T10:00:07.632325+00:00,qsvm_optuna_search,102.9,51.0,252.51953125,42.4,2200.078125,,,
2026-05-16T10:00:08.691815+00:00,qsvm_optuna_search,100.6,56.3,252.5234375,42.4,2200.078125,,,
2026-05-16T10:00:09.706926+00:00,qsvm_optuna_search,101.6,50.7,252.5234375,42.4,2200.078125,,,
2026-05-16T10:00:10.708982+00:00,qsvm_optuna_search,100.0,50.5,252.5234375,42.4,2200.078125,,,
2026-05-16T10:00:11.722161+00:00,qsvm_optuna_search,99.8,52.7,252.5234375,42.2,2207.48828125,,,
2026-05-16T10:00:12.731926+00:00,qsvm_optuna_search,102.1,50.7,252.5234375,42.2,2207.48828125,,,
2026-05-16T10:00:13.741317+00:00,qsvm_optuna_search,101.5,50.5,252.5234375,42.2,2207.48828125,,,
2026-05-16T10:00:14.820331+00:00,qsvm_optuna_search,100.3,50.7,252.5390625,42.2,2207.48828125,,,
2026-05-16T10:00:15.842506+00:00,qsvm_optuna_search,115.1,57.4,252.55078125,42.2,2207.48828125,,,
2026-05-16T10:00:16.869095+00:00,qsvm_optuna_search,98.4,50.5,252.55078125,42.2,2207.48828125,,,
2026-05-16T10:00:17.880213+00:00,qsvm_optuna_search,101.9,50.7,252.55078125,42.2,2207.48828125,,,
2026-05-16T10:00:18.898573+00:00,qsvm_optuna_search,99.2,51.5,252.546875,42.3,2203.30859375,,,
2026-05-16T10:00:19.970782+00:00,qsvm_optuna_search,101.2,55.7,252.55078125,42.3,2203.30859375,,,
2026-05-16T10:00:20.985585+00:00,qsvm_optuna_search,100.5,50.5,252.55078125,42.3,2203.30859375,,,
2026-05-16T10:00:22.006183+00:00,qsvm_optuna_search,100.9,52.0,252.55078125,42.3,2202.62890625,,,
2026-05-16T10:00:23.009735+00:00,qsvm_optuna_search,99.3,51.0,252.55078125,42.3,2202.62890625,,,
2026-05-16T10:00:24.016438+00:00,qsvm_optuna_search,99.0,51.5,252.55078125,42.3,2202.62890625,,,
2026-05-16T10:00:25.026846+00:00,qsvm_optuna_search,101.1,50.2,252.546875,42.3,2202.62890625,,,
2026-05-16T10:00:26.095436+00:00,qsvm_optuna_search,100.5,50.9,252.546875,42.3,2202.62890625,,,
2026-05-16T10:00:27.147472+00:00,qsvm_optuna_search,126.3,57.1,252.5546875,42.3,2202.62890625,,,
2026-05-16T10:00:28.152035+00:00,qsvm_optuna_search,99.3,50.5,252.5546875,42.3,2202.62890625,,,
2026-05-16T10:00:29.170249+00:00,qsvm_optuna_search,99.2,51.0,252.5546875,42.3,2202.62890625,,,
2026-05-16T10:00:30.182441+00:00,qsvm_optuna_search,101.1,50.5,252.5546875,42.3,2202.62890625,,,
2026-05-16T10:00:31.192930+00:00,qsvm_optuna_search,101.2,52.6,252.55078125,42.3,2203.76171875,,,
2026-05-16T10:00:32.310733+00:00,qsvm_optuna_search,101.3,61.6,252.5546875,42.3,2203.765625,,,
2026-05-16T10:00:33.334964+00:00,qsvm_optuna_search,102.0,51.5,252.5546875,42.3,2203.765625,,,
2026-05-16T10:00:34.348073+00:00,qsvm_optuna_search,100.1,51.3,252.5546875,42.3,2203.765625,,,
2026-05-16T10:00:35.350824+00:00,qsvm_optuna_search,98.7,50.8,252.5546875,42.3,2203.765625,,,
2026-05-16T10:00:36.359440+00:00,qsvm_optuna_search,99.6,51.0,252.5546875,42.3,2203.765625,,,
2026-05-16T10:00:37.369435+00:00,qsvm_optuna_search,99.7,50.8,252.5546875,42.3,2203.765625,,,
2026-05-16T10:00:38.380001+00:00,qsvm_optuna_search,100.2,51.0,252.5546875,42.3,2203.765625,,,
2026-05-16T10:00:39.386500+00:00,qsvm_optuna_search,100.6,50.2,252.55078125,42.3,2203.765625,,,
2026-05-16T10:00:40.454696+00:00,qsvm_optuna_search,99.2,50.7,252.546875,42.3,2203.765625,,,
2026-05-16T10:00:41.456100+00:00,qsvm_optuna_search,113.2,58.7,252.55859375,42.3,2202.36328125,,,
2026-05-16T10:00:42.490662+00:00,qsvm_optuna_search,124.4,51.0,252.55859375,42.3,2202.36328125,,,
2026-05-16T10:00:43.497169+00:00,qsvm_optuna_search,115.5,50.7,252.55859375,42.3,2202.36328125,,,
2026-05-16T10:00:44.504851+00:00,qsvm_optuna_search,93.5,50.8,252.55859375,42.3,2202.36328125,,,
2026-05-16T10:00:45.511973+00:00,qsvm_optuna_search,126.1,50.7,252.5546875,42.3,2202.36328125,,,
2026-05-16T10:00:46.565407+00:00,qsvm_optuna_search,93.9,50.7,252.546875,42.3,2202.36328125,,,
2026-05-16T10:00:47.588855+00:00,qsvm_optuna_search,139.6,56.7,252.55859375,42.5,2194.734375,,,
2026-05-16T10:00:48.590490+00:00,qsvm_optuna_search,100.8,50.5,252.55859375,42.5,2194.734375,,,
2026-05-16T10:00:49.606550+00:00,qsvm_optuna_search,107.1,52.0,252.55859375,42.5,2194.734375,,,
2026-05-16T10:00:50.619629+00:00,qsvm_optuna_search,119.5,50.7,252.55859375,42.5,2194.734375,,,
2026-05-16T10:00:51.627854+00:00,qsvm_optuna_search,148.7,52.2,252.55859375,42.2,2206.91796875,,,
2026-05-16T10:00:52.629119+00:00,qsvm_optuna_search,100.9,50.5,252.55859375,42.2,2206.91796875,,,
2026-05-16T10:00:53.630833+00:00,qsvm_optuna_search,100.8,51.2,252.55859375,42.2,2206.91796875,,,
2026-05-16T10:00:54.644679+00:00,qsvm_optuna_search,101.8,50.5,252.5546875,42.2,2206.91796875,,,
2026-05-16T10:00:55.689627+00:00,qsvm_optuna_search,203.4,55.3,252.69921875,42.3,2205.46875,,,
2026-05-16T10:00:56.925871+00:00,qsvm_optuna_search,99.3,52.0,252.70703125,42.3,2205.46875,,,
2026-05-16T10:00:57.929675+00:00,qsvm_optuna_search,102.9,51.0,252.70703125,42.3,2205.46875,,,
2026-05-16T10:00:58.938788+00:00,qsvm_optuna_search,103.5,50.5,252.70703125,42.3,2205.46875,,,
2026-05-16T10:00:59.949687+00:00,qsvm_optuna_search,111.8,51.2,252.70703125,42.3,2205.46875,,,
2026-05-16T10:01:00.992339+00:00,qsvm_optuna_search,98.4,50.7,252.703125,42.3,2205.46875,,,
2026-05-16T10:01:02.061638+00:00,qsvm_optuna_search,102.4,56.4,252.69921875,42.2,2207.41796875,,,
2026-05-16T10:01:03.687790+00:00,qsvm_optuna_search,100.2,51.0,252.70703125,42.2,2207.41796875,,,
2026-05-16T10:01:04.698041+00:00,qsvm_optuna_search,100.1,51.2,252.70703125,42.3,2205.6953125,,,
2026-05-16T10:01:05.714935+00:00,qsvm_optuna_search,100.7,51.2,252.70703125,42.3,2205.6953125,,,
2026-05-16T10:01:06.749890+00:00,qsvm_optuna_search,100.4,50.7,252.70703125,42.3,2205.6953125,,,
2026-05-16T10:01:07.825594+00:00,qsvm_optuna_search,99.7,50.7,252.70703125,42.3,2205.6953125,,,
2026-05-16T10:01:08.831581+00:00,qsvm_optuna_search,100.4,50.5,252.70703125,42.3,2205.6953125,,,
2026-05-16T10:01:09.870747+00:00,qsvm_optuna_search,100.5,51.2,252.703125,42.3,2205.6953125,,,
2026-05-16T10:01:10.903079+00:00,qsvm_optuna_search,100.7,50.5,252.703125,42.3,2205.6953125,,,
2026-05-16T10:01:11.962862+00:00,qsvm_optuna_search,113.8,58.7,252.7109375,42.3,2204.85546875,,,
2026-05-16T10:01:12.971695+00:00,qsvm_optuna_search,100.8,50.7,252.7109375,42.3,2204.85546875,,,
2026-05-16T10:01:13.987167+00:00,qsvm_optuna_search,100.4,50.5,252.7109375,42.3,2204.85546875,,,
2026-05-16T10:01:14.996486+00:00,qsvm_optuna_search,101.4,50.5,252.7109375,42.3,2204.85546875,,,
2026-05-16T10:01:16.016787+00:00,qsvm_optuna_search,101.5,51.2,252.7109375,42.3,2203.1328125,,,
2026-05-16T10:01:17.032747+00:00,qsvm_optuna_search,100.4,51.0,252.70703125,42.3,2203.1328125,,,
2026-05-16T10:01:18.082111+00:00,qsvm_optuna_search,101.0,56.0,252.7109375,42.3,2203.1328125,,,
2026-05-16T10:01:19.093820+00:00,qsvm_optuna_search,100.8,51.5,252.7109375,42.3,2202.39453125,,,
2026-05-16T10:01:20.108539+00:00,qsvm_optuna_search,99.2,50.5,252.7109375,42.3,2202.39453125,,,
2026-05-16T10:01:21.112807+00:00,qsvm_optuna_search,101.8,51.0,252.7109375,42.3,2202.39453125,,,
2026-05-16T10:01:22.126276+00:00,qsvm_optuna_search,98.5,52.0,252.7109375,42.2,2207.8359375,,,
2026-05-16T10:01:23.139016+00:00,qsvm_optuna_search,101.1,51.2,252.7109375,42.2,2207.8359375,,,
2026-05-16T10:01:24.150413+00:00,qsvm_optuna_search,101.1,51.0,252.7109375,42.2,2207.8359375,,,
2026-05-16T10:01:25.168573+00:00,qsvm_optuna_search,101.2,50.5,252.70703125,42.2,2207.8359375,,,
2026-05-16T10:01:26.226855+00:00,qsvm_optuna_search,101.6,50.5,252.70703125,42.2,2207.8359375,,,
2026-05-16T10:01:27.301671+00:00,qsvm_optuna_search,113.2,57.4,252.88671875,42.3,2205.87109375,,,
2026-05-16T10:01:28.304527+00:00,qsvm_optuna_search,100.4,50.8,252.88671875,42.3,2205.87109375,,,
2026-05-16T10:01:29.309277+00:00,qsvm_optuna_search,99.8,50.7,252.88671875,42.3,2205.87109375,,,
2026-05-16T10:01:30.333429+00:00,qsvm_optuna_search,100.5,51.0,252.88671875,42.3,2205.87109375,,,
2026-05-16T10:01:31.339939+00:00,qsvm_optuna_search,100.2,50.5,252.88671875,42.3,2205.87109375,,,
2026-05-16T10:01:32.352864+00:00,qsvm_optuna_search,99.8,52.2,252.8828125,42.3,2202.3984375,,,
2026-05-16T10:01:33.410667+00:00,qsvm_optuna_search,100.2,55.6,252.88671875,42.3,2202.3984375,,,
2026-05-16T10:01:34.414262+00:00,qsvm_optuna_search,100.9,51.0,252.88671875,42.3,2202.3984375,,,
2026-05-16T10:01:35.425659+00:00,qsvm_optuna_search,99.1,51.0,252.88671875,42.3,2202.3984375,,,
2026-05-16T10:01:36.429252+00:00,qsvm_optuna_search,100.9,50.5,252.88671875,42.3,2202.3984375,,,
2026-05-16T10:01:37.474204+00:00,qsvm_optuna_search,99.8,51.0,252.88671875,42.3,2202.3984375,,,
2026-05-16T10:01:38.489551+00:00,qsvm_optuna_search,101.9,50.5,252.88671875,42.3,2202.3984375,,,
2026-05-16T10:01:39.506724+00:00,qsvm_optuna_search,99.3,50.5,252.88671875,42.3,2202.3984375,,,
2026-05-16T10:01:40.518335+00:00,qsvm_optuna_search,100.2,50.7,252.8828125,42.3,2202.3984375,,,
2026-05-16T10:01:41.540743+00:00,qsvm_optuna_search,99.7,52.0,252.87890625,42.2,2209.3125,,,
2026-05-16T10:01:42.552704+00:00,qsvm_optuna_search,113.2,57.3,252.890625,42.2,2209.38671875,,,
2026-05-16T10:01:43.583037+00:00,qsvm_optuna_search,100.7,51.2,252.890625,42.2,2209.38671875,,,
2026-05-16T10:01:44.609117+00:00,qsvm_optuna_search,101.4,50.5,252.890625,42.2,2209.38671875,,,
2026-05-16T10:01:45.616544+00:00,qsvm_optuna_search,100.8,50.7,252.890625,42.2,2209.38671875,,,
2026-05-16T10:01:46.632684+00:00,qsvm_optuna_search,104.8,51.0,252.890625,42.2,2209.38671875,,,
2026-05-16T10:01:47.671548+00:00,qsvm_optuna_search,98.2,51.0,252.88671875,42.4,2201.51171875,,,
2026-05-16T10:01:48.719553+00:00,qsvm_optuna_search,99.5,56.7,252.890625,42.4,2201.51171875,,,
2026-05-16T10:01:49.750795+00:00,qsvm_optuna_search,101.8,51.5,252.890625,42.5,2197.8203125,,,
2026-05-16T10:01:50.787959+00:00,qsvm_optuna_search,100.1,50.5,252.890625,42.5,2197.8203125,,,
2026-05-16T10:01:51.792434+00:00,qsvm_optuna_search,99.6,51.8,252.890625,42.4,2198.83984375,,,
2026-05-16T10:01:52.797652+00:00,qsvm_optuna_search,100.2,51.0,252.890625,42.4,2198.87109375,,,
2026-05-16T10:01:53.830457+00:00,qsvm_optuna_search,101.7,51.7,252.890625,42.4,2198.87109375,,,
2026-05-16T10:01:54.839776+00:00,qsvm_optuna_search,100.5,50.7,252.890625,42.4,2198.87109375,,,
2026-05-16T10:01:55.852595+00:00,qsvm_optuna_search,100.6,51.0,252.88671875,42.4,2198.87109375,,,
2026-05-16T10:01:56.915719+00:00,qsvm_optuna_search,99.4,50.5,252.8828125,42.4,2198.87109375,,,
2026-05-16T10:01:57.945372+00:00,qsvm_optuna_search,113.2,57.3,252.89453125,42.4,2198.87109375,,,
2026-05-16T10:01:58.954096+00:00,qsvm_optuna_search,100.1,50.7,252.89453125,42.4,2198.87109375,,,
2026-05-16T10:01:59.969640+00:00,qsvm_optuna_search,0.0,50.2,252.89453125,42.4,2198.87109375,,,
2026-05-16T10:02:00.979656+00:00,qsvm_optuna_search,131.9,50.7,252.89453125,42.4,2198.87109375,,,
2026-05-16T10:02:02.018920+00:00,qsvm_optuna_search,100.1,52.6,252.89453125,42.4,2199.0546875,,,
2026-05-16T10:02:03.063213+00:00,qsvm_optuna_search,184.9,50.7,252.890625,42.4,2199.08203125,,,
2026-05-16T10:02:04.155884+00:00,qsvm_optuna_search,101.1,56.1,252.890625,42.6,2191.453125,,,
2026-05-16T10:02:05.199960+00:00,qsvm_optuna_search,108.8,50.7,252.89453125,42.6,2191.453125,,,
2026-05-16T10:02:06.226703+00:00,qsvm_optuna_search,106.5,51.0,252.89453125,42.6,2191.453125,,,
2026-05-16T10:02:07.242941+00:00,qsvm_optuna_search,93.1,51.2,252.89453125,42.6,2191.453125,,,
2026-05-16T10:02:08.251828+00:00,qsvm_optuna_search,116.8,50.7,252.89453125,42.6,2191.453125,,,
2026-05-16T10:02:09.258271+00:00,qsvm_optuna_search,96.8,50.8,252.89453125,42.6,2191.453125,,,
2026-05-16T10:02:10.271696+00:00,qsvm_optuna_search,104.6,51.0,252.89453125,42.6,2191.453125,,,
2026-05-16T10:02:11.297803+00:00,qsvm_optuna_search,116.5,51.2,252.89453125,42.6,2191.453125,,,
2026-05-16T10:02:12.305525+00:00,qsvm_optuna_search,100.2,52.2,252.89453125,42.5,2196.91015625,,,
2026-05-16T10:02:13.309263+00:00,qsvm_optuna_search,99.6,50.5,252.89453125,42.5,2196.91015625,,,
2026-05-16T10:02:14.315745+00:00,qsvm_optuna_search,101.3,51.0,252.890625,42.5,2196.91015625,,,
2026-05-16T10:02:15.369761+00:00,qsvm_optuna_search,201.1,55.1,252.88671875,42.5,2196.91015625,,,
2026-05-16T10:02:16.370668+00:00,qsvm_optuna_search,113.3,52.8,252.89453125,42.5,2196.91015625,,,
2026-05-16T10:02:17.377343+00:00,qsvm_optuna_search,101.5,50.5,252.89453125,42.5,2196.91015625,,,
2026-05-16T10:02:18.389871+00:00,qsvm_optuna_search,98.9,50.5,252.89453125,42.5,2196.91015625,,,
2026-05-16T10:02:19.391540+00:00,qsvm_optuna_search,108.0,51.5,252.89453125,42.5,2196.91015625,,,
2026-05-16T10:02:20.403291+00:00,qsvm_optuna_search,103.3,51.2,252.89453125,42.5,2196.91015625,,,
2026-05-16T10:02:21.418037+00:00,qsvm_optuna_search,95.7,50.5,252.89453125,42.5,2196.91015625,,,
2026-05-16T10:02:22.442990+00:00,qsvm_optuna_search,104.7,52.7,252.890625,42.3,2205.01953125,,,
2026-05-16T10:02:23.501134+00:00,qsvm_optuna_search,94.6,54.1,252.88671875,42.3,2205.05078125,,,
2026-05-16T10:02:24.503462+00:00,qsvm_optuna_search,110.5,58.3,252.89453125,42.3,2205.05078125,,,
2026-05-16T10:02:25.504493+00:00,qsvm_optuna_search,103.2,50.5,252.89453125,42.3,2205.05078125,,,
2026-05-16T10:02:26.533025+00:00,qsvm_optuna_search,122.6,50.7,252.89453125,42.3,2205.05078125,,,
2026-05-16T10:02:27.550193+00:00,qsvm_optuna_search,99.0,51.2,252.89453125,42.3,2204.8046875,,,
2026-05-16T10:02:28.573470+00:00,qsvm_optuna_search,105.8,50.7,252.89453125,42.3,2204.8046875,,,
2026-05-16T10:02:29.639127+00:00,qsvm_optuna_search,109.4,50.9,252.89453125,42.3,2204.8046875,,,
2026-05-16T10:02:30.644207+00:00,qsvm_optuna_search,102.6,50.5,252.89453125,42.3,2204.8046875,,,
2026-05-16T10:02:31.660028+00:00,qsvm_optuna_search,99.0,50.7,252.890625,42.3,2204.8046875,,,
2026-05-16T10:02:32.757638+00:00,qsvm_optuna_search,192.2,58.4,252.90625,42.3,2204.86328125,,,
2026-05-16T10:02:33.826489+00:00,qsvm_optuna_search,97.8,51.2,252.9140625,42.5,2197.234375,,,
2026-05-16T10:02:34.828796+00:00,qsvm_optuna_search,100.6,51.0,252.9140625,42.5,2197.234375,,,
2026-05-16T10:02:35.854583+00:00,qsvm_optuna_search,101.3,51.2,252.9140625,42.5,2197.234375,,,
2026-05-16T10:02:36.868407+00:00,qsvm_optuna_search,99.6,51.0,252.9140625,42.5,2197.234375,,,
2026-05-16T10:02:37.871494+00:00,qsvm_optuna_search,100.6,50.5,252.9140625,42.5,2197.234375,,,
2026-05-16T10:02:38.923640+00:00,qsvm_optuna_search,470.6,53.8,252.90625,42.5,2197.234375,,,
2026-05-16T10:02:40.693849+00:00,qsvm_optuna_search,100.1,50.5,252.9140625,42.5,2197.234375,,,
2026-05-16T10:02:41.709707+00:00,qsvm_optuna_search,99.6,50.7,252.91796875,42.5,2197.234375,,,
2026-05-16T10:02:42.713137+00:00,qsvm_optuna_search,100.8,52.7,252.91796875,42.4,2201.89453125,,,
2026-05-16T10:02:43.728813+00:00,qsvm_optuna_search,100.4,50.7,252.91796875,42.4,2201.89453125,,,
2026-05-16T10:02:44.731505+00:00,qsvm_optuna_search,100.7,51.0,252.91796875,42.4,2201.89453125,,,
2026-05-16T10:02:45.751741+00:00,qsvm_optuna_search,100.1,50.5,252.91796875,42.4,2201.89453125,,,
2026-05-16T10:02:46.774863+00:00,qsvm_optuna_search,102.6,50.7,252.9140625,42.4,2201.89453125,,,
2026-05-16T10:02:47.858969+00:00,qsvm_optuna_search,102.8,50.7,252.9140625,42.4,2201.89453125,,,
2026-05-16T10:02:48.917284+00:00,qsvm_optuna_search,114.9,57.7,252.96484375,42.4,2201.89453125,,,
2026-05-16T10:02:49.936000+00:00,qsvm_optuna_search,101.0,50.7,252.96484375,42.4,2201.89453125,,,
2026-05-16T10:02:50.940099+00:00,qsvm_optuna_search,100.2,50.5,252.96484375,42.4,2201.89453125,,,
2026-05-16T10:02:51.948323+00:00,qsvm_optuna_search,99.9,53.0,252.96484375,42.3,2204.59375,,,
2026-05-16T10:02:52.953780+00:00,qsvm_optuna_search,102.1,50.7,252.96484375,42.3,2204.59375,,,
2026-05-16T10:02:53.981338+00:00,qsvm_optuna_search,100.8,51.5,252.9609375,42.2,2209.34765625,,,
2026-05-16T10:02:55.114640+00:00,qsvm_optuna_search,100.4,55.1,252.95703125,42.2,2209.34765625,,,
2026-05-16T10:02:56.228942+00:00,qsvm_optuna_search,99.2,50.7,252.96484375,42.2,2207.625,,,
2026-05-16T10:02:57.243230+00:00,qsvm_optuna_search,100.7,50.7,252.96484375,42.2,2207.625,,,
2026-05-16T10:02:58.245699+00:00,qsvm_optuna_search,99.7,50.5,252.96484375,42.2,2207.625,,,
2026-05-16T10:02:59.267761+00:00,qsvm_optuna_search,101.7,50.7,252.96484375,42.2,2207.625,,,
2026-05-16T10:03:00.268772+00:00,qsvm_optuna_search,100.0,51.0,252.96484375,42.2,2207.625,,,
2026-05-16T10:03:01.271885+00:00,qsvm_optuna_search,101.1,50.7,252.96484375,42.2,2207.625,,,
2026-05-16T10:03:02.309297+00:00,qsvm_optuna_search,99.6,52.5,252.96484375,42.2,2208.359375,,,
2026-05-16T10:03:03.345741+00:00,qsvm_optuna_search,100.1,51.0,252.96484375,42.2,2208.40625,,,
2026-05-16T10:03:04.366001+00:00,qsvm_optuna_search,91.8,50.7,252.9609375,42.4,2200.77734375,,,
2026-05-16T10:03:05.408418+00:00,qsvm_optuna_search,124.4,50.7,252.9609375,42.4,2200.77734375,,,
2026-05-16T10:03:06.450408+00:00,qsvm_optuna_search,116.9,57.1,253.046875,42.4,2200.77734375,,,
2026-05-16T10:03:07.465986+00:00,qsvm_optuna_search,99.4,50.7,253.046875,42.4,2200.77734375,,,
2026-05-16T10:03:08.472345+00:00,qsvm_optuna_search,100.6,51.0,253.046875,42.4,2200.77734375,,,
2026-05-16T10:03:09.495700+00:00,qsvm_optuna_search,99.3,50.7,253.046875,42.4,2200.77734375,,,
2026-05-16T10:03:10.507662+00:00,qsvm_optuna_search,101.7,50.5,253.046875,42.4,2200.77734375,,,
2026-05-16T10:03:11.512518+00:00,qsvm_optuna_search,101.1,51.2,253.046875,42.4,2200.77734375,,,
2026-05-16T10:03:12.521860+00:00,qsvm_optuna_search,100.6,52.2,253.04296875,42.2,2208.859375,,,
2026-05-16T10:03:13.568997+00:00,qsvm_optuna_search,99.4,55.6,253.0390625,42.2,2208.859375,,,
2026-05-16T10:03:14.618254+00:00,qsvm_optuna_search,99.8,50.7,253.046875,42.2,2208.859375,,,
2026-05-16T10:03:15.628383+00:00,qsvm_optuna_search,98.6,51.2,253.046875,42.2,2208.859375,,,
2026-05-16T10:03:16.629898+00:00,qsvm_optuna_search,99.3,50.7,253.046875,42.2,2207.13671875,,,
2026-05-16T10:03:17.653518+00:00,qsvm_optuna_search,102.1,51.0,253.04296875,42.2,2207.13671875,,,
2026-05-16T10:03:18.706525+00:00,qsvm_optuna_search,96.3,50.5,253.04296875,42.2,2207.13671875,,,
2026-05-16T10:03:19.761762+00:00,qsvm_optuna_search,116.5,57.5,253.046875,42.4,2199.5078125,,,
2026-05-16T10:03:20.762717+00:00,qsvm_optuna_search,100.9,51.0,253.046875,42.4,2199.5078125,,,
2026-05-16T10:03:21.777791+00:00,qsvm_optuna_search,99.7,50.2,253.046875,42.4,2199.5078125,,,
2026-05-16T10:03:22.786519+00:00,qsvm_optuna_search,100.9,52.7,253.04296875,42.4,2200.8515625,,,
2026-05-16T10:03:23.851141+00:00,qsvm_optuna_search,100.4,56.5,253.046875,42.4,2200.8515625,,,
2026-05-16T10:03:24.856470+00:00,qsvm_optuna_search,100.0,51.0,253.046875,42.4,2200.8515625,,,
2026-05-16T10:03:25.869474+00:00,qsvm_optuna_search,99.8,50.5,253.046875,42.4,2200.8515625,,,
2026-05-16T10:03:26.871783+00:00,qsvm_optuna_search,100.8,51.0,253.046875,42.4,2200.8515625,,,
2026-05-16T10:03:27.895779+00:00,qsvm_optuna_search,100.5,51.5,253.046875,42.4,2200.8515625,,,
2026-05-16T10:03:28.908371+00:00,qsvm_optuna_search,100.7,50.7,253.046875,42.4,2200.8515625,,,
2026-05-16T10:03:29.909445+00:00,qsvm_optuna_search,100.1,50.5,253.046875,42.4,2200.8515625,,,
2026-05-16T10:03:30.918385+00:00,qsvm_optuna_search,100.0,50.5,253.04296875,42.4,2200.8515625,,,
2026-05-16T10:03:31.954740+00:00,qsvm_optuna_search,100.9,50.7,253.0390625,42.4,2200.8515625,,,
2026-05-16T10:03:32.976672+00:00,qsvm_optuna_search,110.2,57.0,253.046875,42.3,2204.375,,,
2026-05-16T10:03:33.987352+00:00,qsvm_optuna_search,100.1,51.2,253.046875,42.5,2196.50390625,,,
2026-05-16T10:03:34.997844+00:00,qsvm_optuna_search,103.9,50.5,253.046875,42.5,2196.50390625,,,
2026-05-16T10:03:36.044979+00:00,qsvm_optuna_search,96.5,51.2,253.046875,42.5,2196.50390625,,,
2026-05-16T10:03:37.069153+00:00,qsvm_optuna_search,101.5,51.0,253.04296875,42.5,2196.50390625,,,
2026-05-16T10:03:38.111809+00:00,qsvm_optuna_search,99.7,50.2,253.03515625,42.5,2196.50390625,,,
2026-05-16T10:03:39.118187+00:00,qsvm_optuna_search,99.7,55.7,253.046875,42.5,2196.50390625,,,
2026-05-16T10:03:40.128601+00:00,qsvm_optuna_search,100.8,51.0,253.046875,42.5,2196.50390625,,,
2026-05-16T10:03:41.152062+00:00,qsvm_optuna_search,100.6,50.8,253.046875,42.5,2196.50390625,,,
2026-05-16T10:03:42.184877+00:00,qsvm_optuna_search,99.9,52.5,253.046875,42.2,2207.34765625,,,
2026-05-16T10:03:43.196481+00:00,qsvm_optuna_search,100.1,50.5,253.046875,42.2,2207.37109375,,,
2026-05-16T10:03:44.206183+00:00,qsvm_optuna_search,100.0,50.7,253.046875,42.2,2207.37109375,,,
2026-05-16T10:03:45.215634+00:00,qsvm_optuna_search,101.0,50.7,253.046875,42.2,2207.37109375,,,
2026-05-16T10:03:46.240655+00:00,qsvm_optuna_search,101.5,50.5,253.04296875,42.2,2207.37109375,,,
2026-05-16T10:03:47.295648+00:00,qsvm_optuna_search,197.3,55.5,253.0390625,42.2,2206.6328125,,,
2026-05-16T10:03:48.299627+00:00,qsvm_optuna_search,101.9,53.0,253.046875,42.2,2206.6328125,,,
2026-05-16T10:03:49.304304+00:00,qsvm_optuna_search,91.4,51.5,253.046875,42.2,2206.38671875,,,
2026-05-16T10:03:50.308223+00:00,qsvm_optuna_search,110.8,50.7,253.046875,42.2,2206.38671875,,,
2026-05-16T10:03:51.321686+00:00,qsvm_optuna_search,104.2,50.7,253.046875,42.2,2206.38671875,,,
2026-05-16T10:03:52.341215+00:00,qsvm_optuna_search,112.9,52.6,253.04296875,42.2,2209.0078125,,,
2026-05-16T10:03:53.403670+00:00,qsvm_optuna_search,104.4,55.1,253.0390625,42.2,2209.37109375,,,
2026-05-16T10:03:54.405443+00:00,qsvm_optuna_search,113.1,51.5,253.046875,42.2,2209.125,,,
2026-05-16T10:03:55.429550+00:00,qsvm_optuna_search,101.9,50.5,253.046875,42.2,2209.125,,,
2026-05-16T10:03:56.430767+00:00,qsvm_optuna_search,97.5,51.2,253.046875,42.2,2207.40234375,,,
2026-05-16T10:03:57.469038+00:00,qsvm_optuna_search,99.1,50.2,253.046875,42.2,2207.40234375,,,
2026-05-16T10:03:58.469897+00:00,qsvm_optuna_search,104.0,50.5,253.046875,42.2,2207.40234375,,,
2026-05-16T10:03:59.474824+00:00,qsvm_optuna_search,104.3,50.5,253.046875,42.2,2207.40234375,,,
2026-05-16T10:04:00.489290+00:00,qsvm_optuna_search,100.1,51.0,253.046875,42.2,2207.18359375,,,
2026-05-16T10:04:01.511870+00:00,qsvm_optuna_search,99.0,51.2,253.04296875,42.2,2207.18359375,,,
2026-05-16T10:04:02.873519+00:00,qsvm_optuna_search,124.3,57.1,253.09765625,42.2,2207.453125,,,
2026-05-16T10:04:03.904593+00:00,qsvm_optuna_search,100.4,51.2,253.10546875,42.2,2206.71484375,,,
2026-05-16T10:04:04.907878+00:00,qsvm_optuna_search,100.5,50.5,253.10546875,42.2,2206.71484375,,,
2026-05-16T10:04:05.909421+00:00,qsvm_optuna_search,100.9,50.8,253.10546875,42.2,2206.71484375,,,
2026-05-16T10:04:06.915549+00:00,qsvm_optuna_search,98.7,50.5,253.10546875,42.2,2206.71484375,,,
2026-05-16T10:04:07.924929+00:00,qsvm_optuna_search,101.0,51.0,253.1015625,42.2,2206.71484375,,,
2026-05-16T10:04:09.602865+00:00,qsvm_optuna_search,103.1,58.0,253.09765625,42.2,2206.71484375,,,
2026-05-16T10:04:10.655090+00:00,qsvm_optuna_search,96.9,50.9,253.10546875,42.2,2206.71484375,,,
2026-05-16T10:04:11.668781+00:00,qsvm_optuna_search,102.8,50.7,253.10546875,42.2,2206.71484375,,,
2026-05-16T10:04:12.708967+00:00,qsvm_optuna_search,98.3,52.5,253.10546875,42.2,2208.9375,,,
2026-05-16T10:04:13.711001+00:00,qsvm_optuna_search,101.8,51.4,253.10546875,42.2,2208.9375,,,
2026-05-16T10:04:14.827729+00:00,qsvm_optuna_search,100.3,51.2,253.10546875,42.2,2208.9375,,,
2026-05-16T10:04:15.888929+00:00,qsvm_optuna_search,100.8,50.2,253.10546875,42.2,2208.9375,,,
2026-05-16T10:04:16.890365+00:00,qsvm_optuna_search,99.7,50.8,253.10546875,42.2,2207.21484375,,,
2026-05-16T10:04:17.923713+00:00,qsvm_optuna_search,0.0,50.7,253.10546875,42.2,2207.21484375,,,
2026-05-16T10:04:18.938920+00:00,qsvm_optuna_search,101.5,51.7,253.10546875,42.4,2199.5859375,,,
2026-05-16T10:04:19.954468+00:00,qsvm_optuna_search,100.4,50.5,253.1015625,42.4,2199.5859375,,,
2026-05-16T10:04:20.966500+00:00,qsvm_optuna_search,0.0,50.5,253.1015625,42.4,2199.5859375,,,
2026-05-16T10:04:21.996537+00:00,qsvm_optuna_search,115.9,57.3,253.109375,42.4,2199.5859375,,,
2026-05-16T10:04:23.024061+00:00,qsvm_optuna_search,101.3,52.7,253.109375,42.4,2201.390625,,,
2026-05-16T10:04:24.027399+00:00,qsvm_optuna_search,100.3,51.0,253.109375,42.3,2202.421875,,,
2026-05-16T10:04:25.070230+00:00,qsvm_optuna_search,100.8,50.7,253.109375,42.3,2202.49609375,,,
2026-05-16T10:04:26.074542+00:00,qsvm_optuna_search,99.4,50.8,253.109375,42.3,2202.25,,,
2026-05-16T10:04:27.078403+00:00,qsvm_optuna_search,98.9,51.2,253.109375,42.3,2202.25,,,
2026-05-16T10:04:28.090893+00:00,qsvm_optuna_search,99.3,50.5,253.109375,42.4,2200.53125,,,
2026-05-16T10:04:29.099773+00:00,qsvm_optuna_search,100.9,50.7,253.10546875,42.4,2200.53125,,,
2026-05-16T10:04:30.532258+00:00,qsvm_optuna_search,102.9,59.6,253.1015625,42.4,2200.53125,,,
2026-05-16T10:04:31.548953+00:00,qsvm_optuna_search,100.8,50.5,253.109375,42.4,2200.53125,,,
2026-05-16T10:04:32.552407+00:00,qsvm_optuna_search,102.3,52.5,253.109375,42.2,2208.3203125,,,
2026-05-16T10:04:33.572392+00:00,qsvm_optuna_search,99.8,51.0,253.109375,42.2,2208.3203125,,,
2026-05-16T10:04:34.585837+00:00,qsvm_optuna_search,99.5,51.0,253.109375,42.4,2200.69140625,,,
2026-05-16T10:04:35.589642+00:00,qsvm_optuna_search,99.4,51.0,253.109375,42.4,2200.69140625,,,
2026-05-16T10:04:36.590704+00:00,qsvm_optuna_search,101.1,51.0,253.109375,42.4,2200.69140625,,,
2026-05-16T10:04:37.614925+00:00,qsvm_optuna_search,100.3,51.2,253.10546875,42.4,2200.69140625,,,
2026-05-16T10:04:38.641684+00:00,qsvm_optuna_search,100.3,50.7,253.10546875,42.4,2200.69140625,,,
2026-05-16T10:04:39.678935+00:00,qsvm_optuna_search,118.3,57.1,253.109375,42.4,2200.69140625,,,
2026-05-16T10:04:40.697841+00:00,qsvm_optuna_search,102.1,50.7,253.109375,42.4,2200.69140625,,,
2026-05-16T10:04:41.702923+00:00,qsvm_optuna_search,101.0,50.7,253.109375,42.4,2200.69140625,,,
2026-05-16T10:04:42.707548+00:00,qsvm_optuna_search,100.1,52.8,253.109375,42.4,2200.8125,,,
2026-05-16T10:04:43.711696+00:00,qsvm_optuna_search,99.6,50.8,253.109375,42.4,2200.8125,,,
2026-05-16T10:04:44.717843+00:00,qsvm_optuna_search,100.2,50.5,253.10546875,42.4,2200.8125,,,
2026-05-16T10:04:45.788691+00:00,qsvm_optuna_search,100.5,55.7,253.109375,42.4,2200.8125,,,
2026-05-16T10:04:46.789815+00:00,qsvm_optuna_search,99.3,50.7,253.109375,42.4,2200.8125,,,
2026-05-16T10:04:47.799753+00:00,qsvm_optuna_search,99.7,50.5,253.109375,42.6,2193.18359375,,,
2026-05-16T10:04:48.807662+00:00,qsvm_optuna_search,100.5,52.0,253.109375,42.6,2193.18359375,,,
2026-05-16T10:04:49.826302+00:00,qsvm_optuna_search,102.4,50.7,253.10546875,42.6,2193.18359375,,,
2026-05-16T10:04:50.911555+00:00,qsvm_optuna_search,101.1,50.7,253.10546875,42.6,2193.18359375,,,
2026-05-16T10:04:52.003828+00:00,qsvm_optuna_search,116.9,57.0,253.109375,42.6,2193.18359375,,,
2026-05-16T10:04:53.016203+00:00,qsvm_optuna_search,99.8,52.3,253.109375,42.4,2200.375,,,
2026-05-16T10:04:54.017658+00:00,qsvm_optuna_search,100.2,50.8,253.109375,42.4,2200.375,,,
2026-05-16T10:04:55.023598+00:00,qsvm_optuna_search,100.6,51.0,253.10546875,42.4,2200.375,,,
2026-05-16T10:04:56.086856+00:00,qsvm_optuna_search,100.9,56.0,253.109375,42.4,2200.375,,,
2026-05-16T10:04:57.131731+00:00,qsvm_optuna_search,100.6,50.3,253.109375,42.4,2200.375,,,
2026-05-16T10:04:58.133764+00:00,qsvm_optuna_search,100.6,51.0,253.109375,42.4,2200.375,,,
2026-05-16T10:04:59.145125+00:00,qsvm_optuna_search,99.0,50.2,253.109375,42.4,2200.375,,,
2026-05-16T10:05:00.150007+00:00,qsvm_optuna_search,99.9,50.8,253.109375,42.4,2200.375,,,
2026-05-16T10:05:01.164824+00:00,qsvm_optuna_search,99.9,51.0,253.109375,42.4,2200.375,,,
2026-05-16T10:05:02.176905+00:00,qsvm_optuna_search,99.6,50.8,253.109375,42.4,2200.375,,,
2026-05-16T10:05:03.193463+00:00,qsvm_optuna_search,100.6,52.2,253.10546875,42.2,2208.0234375,,,
2026-05-16T10:05:04.267326+00:00,qsvm_optuna_search,99.7,51.2,253.10546875,42.3,2204.34375,,,
2026-05-16T10:05:05.335822+00:00,qsvm_optuna_search,115.2,57.2,253.12109375,42.3,2204.34375,,,
2026-05-16T10:05:06.352025+00:00,qsvm_optuna_search,100.4,50.5,253.12109375,42.3,2204.34375,,,
2026-05-16T10:05:07.367639+00:00,qsvm_optuna_search,100.1,51.0,253.12109375,42.3,2204.34375,,,
2026-05-16T10:05:08.374860+00:00,qsvm_optuna_search,100.5,50.7,253.12109375,42.3,2204.34375,,,
2026-05-16T10:05:09.382831+00:00,qsvm_optuna_search,100.9,50.7,253.12109375,42.3,2204.34375,,,
2026-05-16T10:05:10.398243+00:00,qsvm_optuna_search,100.1,50.7,253.1171875,42.3,2204.34375,,,
2026-05-16T10:05:10.594645+00:00,qsvm_optuna_search,0.0,100.0,253.10546875,42.3,2204.34375,,,
2026-05-16T10:05:10.606916+00:00,qsvm_confirmation_phase,0.0,0.0,253.9609375,42.3,2204.34375,,,
2026-05-16T10:05:11.607378+00:00,qsvm_confirmation_phase,100.1,61.0,254.05078125,42.3,2204.34375,,,
2026-05-16T10:05:12.652628+00:00,qsvm_confirmation_phase,97.3,52.5,254.05078125,42.3,2204.37890625,,,
2026-05-16T10:05:13.662403+00:00,qsvm_confirmation_phase,189.5,50.5,254.05078125,42.3,2204.44140625,,,
2026-05-16T10:05:14.685648+00:00,qsvm_confirmation_phase,121.1,51.0,254.05078125,42.3,2204.44140625,,,
2026-05-16T10:05:15.742257+00:00,qsvm_confirmation_phase,117.6,50.7,254.05078125,42.3,2204.44140625,,,
2026-05-16T10:05:16.775300+00:00,qsvm_confirmation_phase,101.6,51.0,254.05078125,42.3,2202.71875,,,
2026-05-16T10:05:17.794114+00:00,qsvm_confirmation_phase,100.9,51.0,254.05078125,42.3,2202.71875,,,
2026-05-16T10:05:18.816695+00:00,qsvm_confirmation_phase,101.0,51.7,254.046875,42.3,2202.71875,,,
2026-05-16T10:05:19.855721+00:00,qsvm_confirmation_phase,236.4,52.5,254.04296875,42.3,2202.71875,,,
2026-05-16T10:05:20.856905+00:00,qsvm_confirmation_phase,117.3,55.3,254.05078125,42.3,2202.71875,,,
2026-05-16T10:05:21.859728+00:00,qsvm_confirmation_phase,91.4,50.8,254.05078125,42.3,2202.71875,,,
2026-05-16T10:05:22.868721+00:00,qsvm_confirmation_phase,76.4,52.5,254.05078125,42.2,2207.71484375,,,
2026-05-16T10:05:23.876691+00:00,qsvm_confirmation_phase,57.2,51.0,254.05078125,42.2,2207.78515625,,,
2026-05-16T10:05:24.918349+00:00,qsvm_confirmation_phase,100.8,50.7,254.046875,42.2,2207.78515625,,,
2026-05-16T10:05:25.934783+00:00,qsvm_confirmation_phase,100.3,50.5,254.04296875,42.2,2207.7890625,,,
2026-05-16T10:05:26.959136+00:00,qsvm_confirmation_phase,100.2,50.8,254.05078125,42.2,2207.56640625,,,
2026-05-16T10:05:27.979104+00:00,qsvm_confirmation_phase,100.3,51.0,254.05078125,42.3,2203.875,,,
2026-05-16T10:05:28.989603+00:00,qsvm_confirmation_phase,98.9,50.5,254.05078125,42.3,2203.875,,,
2026-05-16T10:05:29.993301+00:00,qsvm_confirmation_phase,100.6,50.7,254.05078125,42.3,2203.875,,,
2026-05-16T10:05:31.001815+00:00,qsvm_confirmation_phase,100.1,50.5,254.05078125,42.3,2203.875,,,
2026-05-16T10:05:32.006174+00:00,qsvm_confirmation_phase,99.6,51.0,254.05078125,42.3,2203.875,,,
2026-05-16T10:05:33.025400+00:00,qsvm_confirmation_phase,99.5,52.0,254.05078125,42.3,2204.06640625,,,
2026-05-16T10:05:34.039977+00:00,qsvm_confirmation_phase,100.5,51.2,254.046875,42.4,2200.3984375,,,
2026-05-16T10:05:35.505547+00:00,qsvm_confirmation_phase,129.1,56.1,254.171875,42.4,2200.15234375,,,
2026-05-16T10:05:36.615230+00:00,qsvm_confirmation_phase,101.4,50.7,254.1796875,42.4,2200.15234375,,,
2026-05-16T10:05:37.625114+00:00,qsvm_confirmation_phase,102.4,51.2,254.1796875,42.4,2200.15234375,,,
2026-05-16T10:05:38.628735+00:00,qsvm_confirmation_phase,98.9,50.3,254.1796875,42.4,2200.15234375,,,
2026-05-16T10:05:39.636229+00:00,qsvm_confirmation_phase,99.1,50.7,254.1796875,42.4,2200.15234375,,,
2026-05-16T10:05:40.649366+00:00,qsvm_confirmation_phase,99.6,50.5,254.17578125,42.4,2200.15234375,,,
2026-05-16T10:05:41.712818+00:00,qsvm_confirmation_phase,100.1,50.7,254.171875,42.4,2200.15234375,,,
2026-05-16T10:05:42.896633+00:00,qsvm_confirmation_phase,100.1,52.7,254.1796875,42.5,2196.6328125,,,
2026-05-16T10:05:43.905050+00:00,qsvm_confirmation_phase,101.4,50.5,254.1796875,42.5,2196.6328125,,,
2026-05-16T10:05:44.907430+00:00,qsvm_confirmation_phase,100.5,50.5,254.1796875,42.5,2196.6328125,,,
2026-05-16T10:05:45.915401+00:00,qsvm_confirmation_phase,103.1,51.0,254.1796875,42.5,2196.6328125,,,
2026-05-16T10:05:46.938756+00:00,qsvm_confirmation_phase,103.0,50.7,254.1796875,42.5,2196.6328125,,,
2026-05-16T10:05:47.951701+00:00,qsvm_confirmation_phase,100.7,51.0,254.1796875,42.7,2189.00390625,,,
2026-05-16T10:05:48.957868+00:00,qsvm_confirmation_phase,101.1,51.2,254.17578125,42.7,2188.76171875,,,
2026-05-16T10:05:50.026652+00:00,qsvm_confirmation_phase,100.8,50.5,254.17578125,42.7,2188.76171875,,,
2026-05-16T10:05:51.086585+00:00,qsvm_confirmation_phase,117.1,56.7,254.1796875,42.7,2188.76171875,,,
2026-05-16T10:05:52.095734+00:00,qsvm_confirmation_phase,100.6,51.2,254.1796875,42.7,2188.76171875,,,
2026-05-16T10:05:53.120568+00:00,qsvm_confirmation_phase,100.6,52.5,254.1796875,42.6,2194.39453125,,,
2026-05-16T10:05:54.141028+00:00,qsvm_confirmation_phase,99.6,51.2,254.1796875,42.6,2194.46875,,,
2026-05-16T10:05:55.148465+00:00,qsvm_confirmation_phase,104.2,51.0,254.1796875,42.6,2194.46875,,,
2026-05-16T10:05:56.176357+00:00,qsvm_confirmation_phase,102.8,50.7,254.17578125,42.6,2194.46875,,,
2026-05-16T10:05:57.320510+00:00,qsvm_confirmation_phase,100.3,50.9,254.1796875,42.6,2194.46875,,,
2026-05-16T10:05:58.334395+00:00,qsvm_confirmation_phase,100.2,50.2,254.1796875,42.6,2194.46875,,,
2026-05-16T10:05:59.344626+00:00,qsvm_confirmation_phase,100.6,50.7,254.1796875,42.6,2194.46875,,,
2026-05-16T10:06:00.403119+00:00,qsvm_confirmation_phase,99.8,50.5,254.1796875,42.6,2194.46875,,,
2026-05-16T10:06:01.414955+00:00,qsvm_confirmation_phase,99.1,51.0,254.17578125,42.6,2194.46875,,,
2026-05-16T10:06:02.415941+00:00,qsvm_confirmation_phase,155.7,57.0,254.2421875,42.5,2197.8046875,,,
2026-05-16T10:06:03.430428+00:00,qsvm_confirmation_phase,98.7,52.7,254.2421875,42.3,2205.41796875,,,
2026-05-16T10:06:04.433501+00:00,qsvm_confirmation_phase,103.6,51.3,254.2421875,42.5,2197.86328125,,,
2026-05-16T10:06:05.440685+00:00,qsvm_confirmation_phase,105.5,50.7,254.23828125,42.5,2197.86328125,,,
2026-05-16T10:06:06.495011+00:00,qsvm_confirmation_phase,101.3,50.7,254.2421875,42.5,2197.86328125,,,
2026-05-16T10:06:07.517723+00:00,qsvm_confirmation_phase,100.9,51.2,254.2421875,42.6,2193.92578125,,,
2026-05-16T10:06:08.540598+00:00,qsvm_confirmation_phase,100.5,50.3,254.2421875,42.6,2193.92578125,,,
2026-05-16T10:06:09.544634+00:00,qsvm_confirmation_phase,98.6,50.8,254.2421875,42.6,2193.92578125,,,
2026-05-16T10:06:10.551922+00:00,qsvm_confirmation_phase,98.3,50.5,254.23828125,42.6,2193.92578125,,,
2026-05-16T10:06:11.583699+00:00,qsvm_confirmation_phase,197.0,52.7,254.23828125,42.6,2193.92578125,,,
2026-05-16T10:06:12.584684+00:00,qsvm_confirmation_phase,110.6,55.3,254.24609375,42.6,2193.92578125,,,
2026-05-16T10:06:13.588811+00:00,qsvm_confirmation_phase,104.9,52.5,254.24609375,42.4,2201.5546875,,,
2026-05-16T10:06:14.590190+00:00,qsvm_confirmation_phase,95.7,50.7,254.2421875,42.4,2201.5546875,,,
2026-05-16T10:06:15.632485+00:00,qsvm_confirmation_phase,122.4,50.2,254.23828125,42.4,2201.5546875,,,
2026-05-16T10:06:16.739671+00:00,qsvm_confirmation_phase,99.4,50.7,254.24609375,42.4,2201.5546875,,,
2026-05-16T10:06:17.748533+00:00,qsvm_confirmation_phase,102.3,51.0,254.24609375,42.4,2201.5546875,,,
2026-05-16T10:06:18.760432+00:00,qsvm_confirmation_phase,99.4,50.7,254.24609375,42.4,2205.83203125,,,
2026-05-16T10:06:19.774330+00:00,qsvm_confirmation_phase,103.5,51.2,254.2421875,42.3,2205.88671875,,,
2026-05-16T10:06:20.837057+00:00,qsvm_confirmation_phase,99.8,50.5,254.2421875,42.3,2205.640625,,,
2026-05-16T10:06:21.928789+00:00,qsvm_confirmation_phase,113.6,56.7,254.24609375,42.3,2205.1484375,,,
2026-05-16T10:06:22.950122+00:00,qsvm_confirmation_phase,100.6,51.0,254.24609375,42.3,2204.90625,,,
2026-05-16T10:06:23.960953+00:00,qsvm_confirmation_phase,99.9,52.5,254.2421875,42.3,2203.2109375,,,
2026-05-16T10:06:25.378232+00:00,qsvm_confirmation_phase,106.1,51.2,254.23828125,42.3,2203.2109375,,,
2026-05-16T10:06:26.703116+00:00,qsvm_confirmation_phase,99.5,51.0,254.24609375,42.3,2203.2109375,,,
2026-05-16T10:06:27.707977+00:00,qsvm_confirmation_phase,102.0,51.0,254.24609375,42.4,2199.51953125,,,
2026-05-16T10:06:28.730941+00:00,qsvm_confirmation_phase,100.0,50.5,254.24609375,42.4,2199.51953125,,,
2026-05-16T10:06:29.735828+00:00,qsvm_confirmation_phase,99.8,51.0,254.24609375,42.4,2199.51953125,,,
2026-05-16T10:06:30.742332+00:00,qsvm_confirmation_phase,102.2,50.7,254.24609375,42.4,2199.51953125,,,
2026-05-16T10:06:31.749602+00:00,qsvm_confirmation_phase,99.9,50.8,254.24609375,42.4,2199.51953125,,,
2026-05-16T10:06:32.755596+00:00,qsvm_confirmation_phase,102.0,50.2,254.2421875,42.4,2199.51953125,,,
2026-05-16T10:06:33.808531+00:00,qsvm_confirmation_phase,99.3,53.1,254.2421875,42.7,2190.25,,,
2026-05-16T10:06:34.888988+00:00,qsvm_confirmation_phase,114.9,56.7,254.24609375,42.7,2190.25,,,
2026-05-16T10:06:35.903426+00:00,qsvm_confirmation_phase,101.2,51.2,254.24609375,42.7,2190.25,,,
2026-05-16T10:06:36.908107+00:00,qsvm_confirmation_phase,100.4,50.7,254.24609375,42.7,2190.25,,,
2026-05-16T10:06:37.928578+00:00,qsvm_confirmation_phase,99.9,51.0,254.24609375,42.7,2190.25,,,
2026-05-16T10:06:38.949051+00:00,qsvm_confirmation_phase,99.7,50.7,254.24609375,42.7,2190.25,,,
2026-05-16T10:06:39.955070+00:00,qsvm_confirmation_phase,100.5,50.7,254.2421875,42.7,2190.25,,,
2026-05-16T10:06:41.019663+00:00,qsvm_confirmation_phase,101.0,50.5,254.24609375,42.7,2190.25,,,
2026-05-16T10:06:42.030589+00:00,qsvm_confirmation_phase,99.8,50.5,254.24609375,42.7,2190.25,,,
2026-05-16T10:06:43.039138+00:00,qsvm_confirmation_phase,100.3,51.5,254.24609375,42.7,2190.25,,,
2026-05-16T10:06:44.045231+00:00,qsvm_confirmation_phase,100.8,52.5,254.24609375,42.5,2194.96484375,,,
2026-05-16T10:06:45.050046+00:00,qsvm_confirmation_phase,100.7,50.5,254.24609375,42.5,2194.96484375,,,
2026-05-16T10:06:46.054513+00:00,qsvm_confirmation_phase,100.3,50.7,254.24609375,42.5,2194.96484375,,,
2026-05-16T10:06:47.071754+00:00,qsvm_confirmation_phase,99.8,51.2,254.24609375,42.5,2194.96484375,,,
2026-05-16T10:06:48.090243+00:00,qsvm_confirmation_phase,100.3,50.7,254.2421875,42.7,2187.3359375,,,
2026-05-16T10:06:49.148605+00:00,qsvm_confirmation_phase,98.2,51.4,254.2421875,42.7,2187.3359375,,,
2026-05-16T10:06:50.212180+00:00,qsvm_confirmation_phase,114.3,56.9,254.25,42.7,2187.3359375,,,
2026-05-16T10:06:51.221150+00:00,qsvm_confirmation_phase,100.2,50.5,254.25,42.7,2187.3359375,,,
2026-05-16T10:06:52.223158+00:00,qsvm_confirmation_phase,100.5,50.7,254.25,42.7,2187.3359375,,,
2026-05-16T10:06:53.227859+00:00,qsvm_confirmation_phase,99.7,52.3,254.25,42.5,2195.6171875,,,
2026-05-16T10:06:54.228557+00:00,qsvm_confirmation_phase,99.9,50.8,254.25,42.5,2195.6953125,,,
2026-05-16T10:06:55.253660+00:00,qsvm_confirmation_phase,99.0,50.7,254.24609375,42.5,2195.6953125,,,
2026-05-16T10:06:56.319273+00:00,qsvm_confirmation_phase,99.7,51.0,254.25,42.6,2194.46484375,,,
2026-05-16T10:06:57.328281+00:00,qsvm_confirmation_phase,99.9,50.5,254.25,42.6,2194.46484375,,,
2026-05-16T10:06:58.343006+00:00,qsvm_confirmation_phase,100.6,50.7,254.25,42.6,2194.46484375,,,
2026-05-16T10:06:59.349509+00:00,qsvm_confirmation_phase,100.4,50.8,254.25,42.6,2194.46484375,,,
2026-05-16T10:07:00.355687+00:00,qsvm_confirmation_phase,101.2,51.0,254.25,42.6,2194.24609375,,,
2026-05-16T10:07:01.369496+00:00,qsvm_confirmation_phase,99.4,50.7,254.25,42.6,2194.24609375,,,
2026-05-16T10:07:02.376737+00:00,qsvm_confirmation_phase,101.0,50.7,254.25,42.6,2194.24609375,,,
2026-05-16T10:07:03.390554+00:00,qsvm_confirmation_phase,100.5,52.0,254.24609375,42.4,2200.08203125,,,
2026-05-16T10:07:04.465632+00:00,qsvm_confirmation_phase,209.1,55.6,254.24609375,42.4,2200.16015625,,,
2026-05-16T10:07:06.076861+00:00,qsvm_confirmation_phase,99.7,50.7,254.25390625,42.4,2200.16015625,,,
2026-05-16T10:07:07.079903+00:00,qsvm_confirmation_phase,99.8,50.8,254.25390625,42.4,2200.16015625,,,
2026-05-16T10:07:08.089662+00:00,qsvm_confirmation_phase,99.8,51.7,254.25390625,42.4,2200.16015625,,,
2026-05-16T10:07:09.107276+00:00,qsvm_confirmation_phase,100.9,51.0,254.25390625,42.4,2200.16015625,,,
2026-05-16T10:07:10.118742+00:00,qsvm_confirmation_phase,101.3,50.5,254.25,42.4,2200.16015625,,,
2026-05-16T10:07:11.183182+00:00,qsvm_confirmation_phase,101.4,50.5,254.24609375,42.4,2200.16015625,,,
2026-05-16T10:07:12.242551+00:00,qsvm_confirmation_phase,101.8,50.7,254.25390625,42.4,2200.16015625,,,
2026-05-16T10:07:13.255223+00:00,qsvm_confirmation_phase,100.1,52.5,254.25390625,42.5,2198.0546875,,,
2026-05-16T10:07:14.266683+00:00,qsvm_confirmation_phase,100.5,51.0,254.25390625,42.5,2198.09375,,,
2026-05-16T10:07:15.270373+00:00,qsvm_confirmation_phase,100.7,50.7,254.25390625,42.5,2198.09375,,,
2026-05-16T10:07:16.285112+00:00,qsvm_confirmation_phase,97.5,50.5,254.25,42.5,2198.09375,,,
2026-05-16T10:07:17.343162+00:00,qsvm_confirmation_phase,177.4,57.1,254.2734375,42.5,2198.09375,,,
2026-05-16T10:07:18.386702+00:00,qsvm_confirmation_phase,103.0,50.7,254.28125,42.5,2198.09375,,,
2026-05-16T10:07:19.401448+00:00,qsvm_confirmation_phase,103.1,51.2,254.28125,42.5,2198.09375,,,
2026-05-16T10:07:20.421567+00:00,qsvm_confirmation_phase,99.9,50.7,254.27734375,42.5,2198.09375,,,
2026-05-16T10:07:21.481291+00:00,qsvm_confirmation_phase,105.7,50.2,254.26953125,42.5,2198.09375,,,
2026-05-16T10:07:22.484973+00:00,qsvm_confirmation_phase,100.1,50.5,254.28125,42.5,2198.09375,,,
2026-05-16T10:07:23.507387+00:00,qsvm_confirmation_phase,100.3,52.9,254.28125,42.5,2195.06640625,,,
2026-05-16T10:07:24.528762+00:00,qsvm_confirmation_phase,100.4,51.2,254.28125,42.5,2195.06640625,,,
2026-05-16T10:07:25.539608+00:00,qsvm_confirmation_phase,102.0,50.7,254.28125,42.5,2195.06640625,,,
2026-05-16T10:07:26.569672+00:00,qsvm_confirmation_phase,99.0,50.7,254.27734375,42.5,2195.06640625,,,
2026-05-16T10:07:27.591546+00:00,qsvm_confirmation_phase,98.8,51.0,254.27734375,42.5,2195.06640625,,,
2026-05-16T10:07:28.650207+00:00,qsvm_confirmation_phase,119.7,57.0,254.28125,42.5,2195.06640625,,,
2026-05-16T10:07:29.668337+00:00,qsvm_confirmation_phase,100.3,50.7,254.28125,42.5,2195.06640625,,,
2026-05-16T10:07:30.669300+00:00,qsvm_confirmation_phase,99.8,50.7,254.28125,42.5,2195.06640625,,,
2026-05-16T10:07:31.677767+00:00,qsvm_confirmation_phase,100.6,50.7,254.27734375,42.5,2195.06640625,,,
2026-05-16T10:07:32.752919+00:00,qsvm_confirmation_phase,100.9,50.7,254.28125,42.5,2195.06640625,,,
2026-05-16T10:07:33.773967+00:00,qsvm_confirmation_phase,102.9,53.5,254.28125,42.7,2187.69921875,,,
2026-05-16T10:07:34.777542+00:00,qsvm_confirmation_phase,100.3,50.7,254.28125,42.7,2187.69921875,,,
2026-05-16T10:07:35.788318+00:00,qsvm_confirmation_phase,100.5,51.0,254.28125,42.7,2187.69921875,,,
2026-05-16T10:07:36.790290+00:00,qsvm_confirmation_phase,99.8,50.7,254.28125,42.7,2187.69921875,,,
2026-05-16T10:07:37.820158+00:00,qsvm_confirmation_phase,99.6,50.7,254.27734375,42.7,2187.69921875,,,
2026-05-16T10:07:38.872807+00:00,qsvm_confirmation_phase,153.8,56.9,254.2734375,42.7,2187.69921875,,,
2026-05-16T10:07:39.919451+00:00,qsvm_confirmation_phase,98.1,50.2,254.28125,42.7,2187.69921875,,,
2026-05-16T10:07:40.920643+00:00,qsvm_confirmation_phase,102.8,51.0,254.28125,42.7,2187.69921875,,,
2026-05-16T10:07:41.934378+00:00,qsvm_confirmation_phase,101.2,50.7,254.27734375,42.7,2187.69921875,,,
2026-05-16T10:07:42.976011+00:00,qsvm_confirmation_phase,148.2,50.5,254.2734375,42.7,2187.69921875,,,
2026-05-16T10:07:44.041299+00:00,qsvm_confirmation_phase,120.6,52.9,254.28125,42.5,2197.8671875,,,
2026-05-16T10:07:45.049105+00:00,qsvm_confirmation_phase,102.7,50.5,254.28125,42.5,2197.8671875,,,
2026-05-16T10:07:46.059848+00:00,qsvm_confirmation_phase,114.6,50.7,254.28125,42.5,2197.8671875,,,
2026-05-16T10:07:47.068110+00:00,qsvm_confirmation_phase,98.8,50.5,254.28125,42.5,2197.8671875,,,
2026-05-16T10:07:48.076439+00:00,qsvm_confirmation_phase,96.6,51.0,254.28125,42.5,2197.8671875,,,
2026-05-16T10:07:49.101355+00:00,qsvm_confirmation_phase,102.8,51.7,254.27734375,42.7,2190.23828125,,,
2026-05-16T10:07:50.165474+00:00,qsvm_confirmation_phase,129.3,57.2,254.30078125,42.7,2190.23828125,,,
2026-05-16T10:07:51.171605+00:00,qsvm_confirmation_phase,102.7,50.5,254.30078125,42.7,2190.23828125,,,
2026-05-16T10:07:52.185693+00:00,qsvm_confirmation_phase,99.8,51.0,254.30078125,42.7,2190.23828125,,,
2026-05-16T10:07:53.195539+00:00,qsvm_confirmation_phase,100.2,50.5,254.296875,42.7,2190.23828125,,,
2026-05-16T10:07:54.253912+00:00,qsvm_confirmation_phase,201.6,52.4,254.29296875,42.5,2196.6796875,,,
2026-05-16T10:07:55.278516+00:00,qsvm_confirmation_phase,105.6,51.0,254.30078125,42.5,2196.6796875,,,
2026-05-16T10:07:56.285583+00:00,qsvm_confirmation_phase,122.4,50.7,254.30078125,42.5,2196.6796875,,,
2026-05-16T10:07:57.291390+00:00,qsvm_confirmation_phase,121.7,50.5,254.30078125,42.5,2196.6796875,,,
2026-05-16T10:07:58.302100+00:00,qsvm_confirmation_phase,100.1,51.0,254.30078125,42.5,2196.6796875,,,
2026-05-16T10:07:59.307064+00:00,qsvm_confirmation_phase,97.2,50.7,254.30078125,42.5,2196.6796875,,,
2026-05-16T10:08:00.328623+00:00,qsvm_confirmation_phase,125.6,50.5,254.296875,42.5,2196.6796875,,,
2026-05-16T10:08:01.330591+00:00,qsvm_confirmation_phase,129.7,57.2,254.328125,42.5,2196.6796875,,,
2026-05-16T10:08:02.347794+00:00,qsvm_confirmation_phase,97.7,51.0,254.33203125,42.5,2196.6796875,,,
2026-05-16T10:08:03.353833+00:00,qsvm_confirmation_phase,99.6,50.5,254.33203125,42.5,2196.6796875,,,
2026-05-16T10:08:04.370877+00:00,qsvm_confirmation_phase,99.6,52.9,254.328125,42.7,2190.65625,,,
2026-05-16T10:08:05.412388+00:00,qsvm_confirmation_phase,139.4,50.7,254.32421875,42.7,2190.65625,,,
2026-05-16T10:08:06.440975+00:00,qsvm_confirmation_phase,101.7,51.0,254.33203125,42.7,2190.65625,,,
2026-05-16T10:08:07.444206+00:00,qsvm_confirmation_phase,93.9,51.0,254.33203125,42.7,2190.65625,,,
2026-05-16T10:08:08.451202+00:00,qsvm_confirmation_phase,103.6,50.3,254.33203125,42.7,2190.65625,,,
2026-05-16T10:08:09.458284+00:00,qsvm_confirmation_phase,98.4,50.7,254.33203125,42.7,2190.65625,,,
2026-05-16T10:08:10.469179+00:00,qsvm_confirmation_phase,134.9,51.0,254.328125,42.7,2190.65625,,,
2026-05-16T10:08:11.527120+00:00,qsvm_confirmation_phase,110.8,50.9,254.328125,42.7,2190.65625,,,
2026-05-16T10:08:12.592937+00:00,qsvm_confirmation_phase,122.2,57.0,254.33984375,42.7,2190.65625,,,
2026-05-16T10:08:13.595975+00:00,qsvm_confirmation_phase,100.1,52.3,254.33984375,42.5,2198.25390625,,,
2026-05-16T10:08:14.623718+00:00,qsvm_confirmation_phase,101.5,51.2,254.33984375,42.5,2198.30859375,,,
2026-05-16T10:08:15.629894+00:00,qsvm_confirmation_phase,100.2,50.2,254.3359375,42.5,2198.30859375,,,
2026-05-16T10:08:16.406058+00:00,qsvm_confirmation_phase,0.0,0.0,254.32421875,42.5,2198.30859375,,,
2026-05-16T10:08:16.415501+00:00,qsvm_final_training,0.0,0.0,254.765625,42.5,2198.30859375,,,
2026-05-16T10:08:17.448655+00:00,qsvm_final_training,99.7,57.2,254.76953125,42.5,2198.30859375,,,
2026-05-16T10:08:18.734193+00:00,qsvm_final_training,101.9,50.9,256.80859375,42.5,2197.5703125,,,
2026-05-16T10:08:19.748249+00:00,qsvm_final_training,100.6,51.2,257.24609375,42.6,2193.87890625,,,
2026-05-16T10:08:20.750974+00:00,qsvm_final_training,99.7,50.7,258.25390625,42.5,2198.109375,,,
2026-05-16T10:08:21.788758+00:00,qsvm_final_training,101.2,50.5,259.390625,42.5,2194.6640625,,,
2026-05-16T10:08:22.791978+00:00,qsvm_final_training,99.7,50.7,259.88671875,42.5,2194.6640625,,,
2026-05-16T10:08:23.793384+00:00,qsvm_final_training,99.9,53.3,261.19921875,42.4,2198.9609375,,,
2026-05-16T10:08:24.818891+00:00,qsvm_final_training,100.4,51.0,263.4921875,42.5,2195.515625,,,
2026-05-16T10:08:25.825249+00:00,qsvm_final_training,100.4,50.5,264.97265625,42.6,2191.578125,,,
2026-05-16T10:08:26.839646+00:00,qsvm_final_training,99.6,50.5,266.5859375,42.6,2191.578125,,,
2026-05-16T10:08:27.843879+00:00,qsvm_final_training,100.6,51.0,268.72265625,42.9,2182.96484375,,,
2026-05-16T10:08:28.845068+00:00,qsvm_final_training,99.9,50.8,270.73828125,42.9,2180.99609375,,,
2026-05-16T10:08:29.854910+00:00,qsvm_final_training,102.0,50.7,271.921875,42.9,2180.99609375,,,
2026-05-16T10:08:30.896925+00:00,qsvm_final_training,98.8,50.7,273.4375,42.9,2180.0390625,,,
2026-05-16T10:08:31.938809+00:00,qsvm_final_training,99.8,50.7,274.98046875,42.9,2180.0390625,,,
2026-05-16T10:08:32.230802+00:00,qsvm_final_training,99.3,51.7,276.18359375,42.9,2180.0390625,,,
2026-05-16T10:08:32.312082+00:00,final_evaluation,0.0,0.0,276.18359375,42.9,2180.0390625,,,
2026-05-16T10:08:33.339414+00:00,final_evaluation,100.3,58.5,276.1953125,42.9,2180.0390625,,,
2026-05-16T10:08:34.346890+00:00,final_evaluation,99.3,52.5,276.19921875,43.0,2175.6796875,,,
2026-05-16T10:08:35.369433+00:00,final_evaluation,100.7,50.7,276.19921875,43.0,2175.6796875,,,
2026-05-16T10:08:36.376580+00:00,final_evaluation,100.3,51.0,276.19921875,43.0,2175.6796875,,,
2026-05-16T10:08:37.387219+00:00,final_evaluation,99.9,51.0,276.19921875,43.0,2175.6796875,,,
2026-05-16T10:08:38.393468+00:00,final_evaluation,100.4,50.7,276.19921875,43.0,2175.6796875,,,
2026-05-16T10:08:39.402466+00:00,final_evaluation,101.1,50.2,276.1953125,43.0,2175.6796875,,,
2026-05-16T10:08:40.305089+00:00,final_evaluation,99.7,51.8,276.1875,43.0,2175.6796875,,,
